{"leaves":[[{"material":0,"element":0}]],"materials":[{"material":14,"meshData":{"attributes":["position","normal","uv","uv2"],"elements":[{"mode":4,"material":0,"indexOffset":0,"indexCount":6}],"vertices":[-4,96,-88,-1,0,0,30.75,-266.5,-0.003509521,0.06555176,-4,96,88,-1,0,0,30.75,-272,-0.003509521,0.06689453,-4,-96,88,-1,0,0,24.75,-272,-0.0027771,0.06689453,-4,-96,-88,-1,0,0,24.75,-266.5,-0.0027771,0.06555176],"indices":[0,1,2,0,2,3]}}]}