{"models":[{"bodyParts":[{"name":"Body","models":[{"meshes":[{"meshId":0,"material":0,"element":0},{"meshId":1,"material":1,"element":0},{"meshId":2,"material":2,"element":0}]}]}]},{"bodyParts":[{"name":"Body","models":[{"meshes":[{"meshId":0,"material":3,"element":0}]}]}]}],"materials":[{"material":177,"meshData":{"attributes":["position","normal","uv"],"elements":[{"mode":4,"indexOffset":0,"indexCount":54,"vertexOffset":0,"vertexCount":256}],"vertices":[0.6916004,-9.6018,10.6864,0,0,0.9999999,0.2607,0.1731,0.6915996,9.6018,10.6864,0,0,0.9999999,0.7407,0.1731,5.0084,-9.6018,10.6864,0,0,0.9999999,0.2607,0.06580001,5.0082,9.6018,10.6864,0,0,0.9999999,0.7407,0.06580001,0.6916004,-9.6018,-10.6864,-0.7071067,-3.090862E-08,-0.7071067,0.2607,0.8268,0.6915996,9.6018,-10.6864,-0.7071067,-3.090862E-08,-0.7071067,0.7407,0.8268,-5.008399,-9.6018,-4.9864,-0.7071067,-3.090862E-08,-0.7071067,0.2604,0.6251,-5.0084,9.6018,-4.9864,-0.7071067,-3.090862E-08,-0.7071067,0.7405,0.6251,-5.008399,-9.6018,4.9864,-0.7071067,-3.090862E-08,0.7071067,0.2604,0.3753,-5.0084,9.6018,4.9864,-0.7071067,-3.090862E-08,0.7071067,0.7405,0.3753,0.6916004,-9.6018,10.6864,-0.7071067,-3.090862E-08,0.7071067,0.2607,0.1731,0.6915996,9.6018,10.6864,-0.7071067,-3.090862E-08,0.7071067,0.7407,0.1731,-5.008399,-9.6018,4.9864,-0.9999999,-4.371138E-08,0,0.2604,0.3753,-5.008399,-9.6018,-4.9864,-0.9999999,-4.371138E-08,0,0.2604,0.6251,-5.0084,9.6018,4.9864,-0.9999999,-4.371138E-08,0,0.7405,0.3753,-5.0084,9.6018,-4.9864,-0.9999999,-4.371138E-08,0,0.7405,0.6251,5.0082,9.6018,-10.6864,0,0,-0.9999999,0.7407,0.9342,0.6915996,9.6018,-10.6864,0,0,-0.9999999,0.7407,0.8268,5.0084,-9.6018,-10.6864,0,0,-0.9999999,0.2607,0.9342,0.6916004,-9.6018,-10.6864,0,0,-0.9999999,0.2607,0.8268,-5.0084,9.6018,4.9864,-4.371138E-08,0.9999999,0,0.7405,0.3753,-5.0084,9.6018,-4.9864,-4.371138E-08,0.9999999,0,0.7405,0.6251,0.6915996,9.6018,10.6864,-4.371138E-08,0.9999999,0,0.8826,0.2332,5.0082,9.6018,10.6864,-4.371138E-08,0.9999999,0,0.99,0.2332,0.6915996,9.6018,-10.6864,-4.371138E-08,0.9999999,0,0.8826,0.7675,5.0082,9.6018,-10.6864,-4.371138E-08,0.9999999,0,0.99,0.7675,-5.008399,-9.6018,-4.9864,4.371138E-08,-0.9999999,0,0.2604,0.6251,-5.008399,-9.6018,4.9864,4.371138E-08,-0.9999999,0,0.2604,0.3753,0.6916004,-9.6018,-10.6864,4.371138E-08,-0.9999999,0,0.1174,0.7675,5.0084,-9.6018,-10.6864,4.371138E-08,-0.9999999,0,0.01,0.7675,0.6916004,-9.6018,10.6864,4.371138E-08,-0.9999999,0,0.1174,0.2332,5.0084,-9.6018,10.6864,4.371138E-08,-0.9999999,0,0.01,0.2332],"indices":[0,1,2,3,2,1,4,5,6,7,6,5,8,9,10,11,10,9,12,13,14,15,14,13,16,17,18,19,18,17,20,21,22,22,21,23,23,21,24,25,23,24,26,27,28,28,27,29,29,27,30,31,29,30]}},{"material":178,"meshData":{"attributes":["position","normal","uv"],"elements":[{"mode":4,"indexOffset":0,"indexCount":6,"vertexOffset":0,"vertexCount":32}],"vertices":[5.0082,9.6018,10.6864,0.9999999,4.371138E-08,0,0.9364,0.01429999,5.0082,9.6018,-10.6864,0.9999999,4.371138E-08,0,0.9364,0.9857,5.0084,-9.6018,10.6864,0.9999999,4.371138E-08,0,0.0636,0.01429999,5.0084,-9.6018,-10.6864,0.9999999,4.371138E-08,0,0.0636,0.9857],"indices":[0,1,2,3,2,1]}},{"material":179,"meshData":{"attributes":["position","normal","uv"],"elements":[{"mode":4,"indexOffset":0,"indexCount":30,"vertexOffset":0,"vertexCount":160}],"vertices":[0.3300004,-8.9159,1.5058,0.8910012,3.89469E-08,-0.4540006,0.1797,0.4455,5.0084,-9.6018,10.6864,0.8910012,3.89469E-08,-0.4540006,0.1557,0.08230001,0.3299996,8.9159,1.5058,0.8910012,3.89469E-08,-0.4540006,0.8184,0.4453,5.0082,9.6018,10.6864,0.8910012,3.89469E-08,-0.4540006,0.8415,0.08230001,0.3299996,8.9159,-1.5058,0.8910012,3.89469E-08,0.4540006,0.8184,0.5522,5.0082,9.6018,-10.6864,0.8910012,3.89469E-08,0.4540006,0.8415,0.9177,0.3300004,-8.9159,-1.5058,0.8910012,3.89469E-08,0.4540006,0.1797,0.5526,5.0084,-9.6018,-10.6864,0.8910012,3.89469E-08,0.4540006,0.1557,0.9177,5.0082,9.6018,-10.6864,0.1451025,-0.9894165,0,0.9875,0.876,0.3299996,8.9159,1.5058,0.1451025,-0.9894165,0,0.8184,0.4453,5.0082,9.6018,10.6864,0.1451025,-0.9894165,0,0.9875,0.1202,0.3299996,8.9159,-1.5058,0.1451025,-0.9894165,0,0.8184,0.5522,5.0084,-9.6018,10.6864,0.1451024,0.9894165,0,0.0125,0.1202,0.3307004,-8.9159,-1.5058,0.1451024,0.9894165,0,0.1797,0.5526,5.0084,-9.6018,-10.6864,0.1451024,0.9894165,0,0.0125,0.876,0.3307004,-8.9159,1.5058,0.1451024,0.9894165,0,0.1797,0.4455,0.3307004,-8.9159,1.5058,0.9999999,4.371138E-08,0,0.1797,0.4455,0.3299996,8.9159,1.5058,0.9999999,4.371138E-08,0,0.8184,0.4453,0.3299996,8.9159,-1.5058,0.9999999,4.371138E-08,0,0.8184,0.5522,0.3307004,-8.9159,-1.5058,0.9999999,4.371138E-08,0,0.1797,0.5526],"indices":[0,1,2,3,2,1,4,5,6,7,6,5,8,9,10,9,8,11,12,13,14,13,12,15,16,17,18,16,18,19]}},{"material":180,"meshData":{"attributes":["position","normal","uv"],"elements":[{"mode":4,"indexOffset":0,"indexCount":540,"vertexOffset":0,"vertexCount":1904}],